Cucumber,15
Roll,203
Curry,19
Beef,148
Lunch,309
Box,23
Shrimp,303
Tofu,7
D,3
Avocado,38
Sweet,50
Potato,38
Tempura,29
and,479
Peanut,17
Combo,30
Teriyaki,26
Rock,4
Bento,12
Dragon,8
Duck,14
Paradise,5
Easter,1
Edamame,3
Eel,8
Fire,5
Ice,28
Tuna,70
Caviar,1
Fish,15
Katsu,4
Fishman,1
Fluke,1
for,10
,317
Fresh,107
Spring,15
Fried,129
Oysters,4
Rice,70
Garlic,118
Gem,1
Stone,2
Ginger,7
Salad,252
Godzilla,1
Grilled,191
Squid,2
Gyoza,7
Club,24
Soup,84
Hibachi,13
Chicken,738
Scallop,17
Steak,80
Salmon,42
Seafood,34
Vegetable,65
Hidden,1
Honey,19
Walnut,6
Hot,70
Girl,3
Hylan,1
Blvd,3
Tea,35
Inari,1
Incredible,1
Japanese,3
Soda,24
Style,40
Sesame,19
Juice,24
Kimchee,2
Noodle,38
King,9
Crab,23
Kiss,1
of,63
Korean,1
Ribs,26
LaVie,1
Love,6
Boat,1
Mackerel,1
Mango,15
Bowl,19
Iced,38
Miso,8
Eggplant,83
Mix,6
Tataki,2
Money,1
Bag,1
Monster,3
Nabe,2
Yaki,13
Soba,7
Udon,14
Naruo,1
Negimaki,3
Nobu,1
Octopus,1
Omelet,27
Oshinko,1
Out,1
Control,2
Pad,8
Thai,23
Pepper,52
Carpaccio,2
Philadelphia,2
Piece,17
Ikura,2
Jalapeno,7
Appetizer,9
Sandwich,257
Tobiko,1
White,60
Pineapple,8
Pink,3
Lady,1
Pizza,167
Pumpkin,7
Rainbow,4
Ramen,2
Red,24
Clam,27
Snapper,5
Lover,4
Martini,1
Skin,2
Sashimi,20
Ceviche,2
Dinner,82
Sauteed,46
Sea,9
Seaweed,1
Sex,2
on,52
the,6
Beach,2
Moon,1
Shirley,1
Temple,1
Shumai,2
Smoked,9
Snow,8
Soft,7
Shell,7
Spicy,42
Kani,6
Yellowtail,9
Spider,1
Garden,12
Striped,1
Bass,5
Surf,4
Turf,4
Sushi,21
Heart,5
Sweetie,1
Tango,1
Tartar,2
Brown,12
The,37
Island,10
Tiger,2
Tom,2
Yum,2
Tri,4
Color,2
Under,1
Uni,4
Shot,1
Veggie,35
Volcano,3
Yakitori,3
Yankee,1
Bavarian,1
Pretzels,1
Candied,1
Bacon,81
BLT,20
Cannoli,4
Dip,7
Charcuterie,1
Cheese,281
Platter,80
Chocolate,51
Fondue,1
Churros,1
Cinnafflebun,1
Sundae,13
Classic,15
Cream,59
Shake,17
Waffle,8
Coconut,19
Pudding,6
Frozen,10
Nutter,1
Butter,30
Scoop,3
Build,2
your,2
Own,3
Scoops,3
Trio,4
Brownie,8
Bread,26
Waffled,1
Grill,4
El,2
Grande,2
Turkey,82
Hero,165
American,22
Melt,8
Egg,147
a,19
Wrap,197
Bagel,47
with,613
Jelly,9
Plain,16
Baked,44
Ziti,11
Pasta,138
Broccoli,128
Boars,2
Head,2
Bologna,3
Breaded,5
Cutlet,35
Oreganato,2
Rabe,61
Oil,36
Buttered,1
Toast,20
Corn,13
Muffin,8
Caesar,42
Calamari,59
in,35
Sauce,197
Cappuccino,7
Chefs,7
Fingers,18
Francaise,4
Marsala,22
Parmigiana,77
Rollatini,11
Corned,4
Croissant,5
Decaf,2
Coffee,33
Dozen,4
bagels,1
Flavored,12
French,51
Vanilla,27
Greek,11
Pastrami,5
shrimp,3
dish,1
Half,11
Bagels,3
Ham,54
Cheddar,16
Home,4
Fries,50
Capicolla,2
coffee,1
Italian,41
Lasagna,13
Linguine,30
Linguini,32
Clams,27
Mashed,13
Potatoes,29
Meatballs,24
Pancakes,19
Short,8
Stack,4
Primavera,15
Penne,44
Vodka,63
Pepperoni,8
Philly,15
Prosciutto,22
Regular,11
Roast,95
Gravy,11
Roasted,43
Salami,13
Sausage,119
Peppers,57
Peas,14
Mushrooms,17
Spinach,51
Seasoned,2
grilled,1
Tilapia,1
Paramigiana,1
Sopressata,6
Zipper,1
Twice,2
Apple,27
Crumb,6
Cheesecake,18
Slice,34
Turnover,1
Black,36
Cookie,23
Buffalo,54
Mozzarella,121
Cakes,3
Cappellini,5
Arrabiata,2
Arugula,18
Caramel,16
Cone,5
Oprahs,1
Favorite,2
Dessert,2
Carbornara,1
Carciofo,2
Risotto,3
Carrot,6
Cake,20
Chaos,1
Limoncello,2
Sorrentina,3
Tortellini,13
Childrens,6
Macaroni,7
Margarita,11
Chip,11
Cigar,1
Covered,1
Mousse,6
Coke,8
Cold,19
Antipasto,19
Deep,12
Diet,11
Eclair,1
Caponata,1
Escarole,11
Farfalle,3
Pesto,16
Zucchini,16
Filet,14
Mignon,7
Sole,11
Oreganata,9
Bruschetta,9
With,19
Frutti,4
di,33
Mare,11
Full,6
Carbonara,13
Fra,20
Diavolo,19
Order,4
Spaghetti,25
al,4
Forno,4
Gnocchi,11
Finnocchio,1
broccolirabe,1
finnocchio,1
Herto,1
Veggies,8
Aunt,4
Butchies,2
Homemade,27
Ravioli,29
Blue,11
Chopped,4
Inis,1
Rolls,14
House,29
Kids,59
Personal,22
Large,27
Nutella,9
Sfogliatelle,1
Mussels,29
Lobster,31
Margherita,7
Meatball,27
MIssissippi,1
Mud,2
Caprese,14
Butchie,1
Bufala,1
Buffala,1
Spiedini,2
Bianca,2
Rosso,1
Napoleon,1
New,11
York,5
Raspberry,7
Tart,2
NY,12
Old,7
World,2
Tripe,3
Orecchiette,6
Oreo,7
Our,9
Famous,15
Fritto,1
Misto,1
Panella,2
Special,139
Parma,6
Domenica,1
Fagioli,7
Pear,3
alla,25
Petes,2
Pistachio,1
Tartufo,5
Pork,139
Chop,12
Scarpariello,5
Croquette,1
Eggs,54
Balls,12
Figs,1
Marinara,35
Velvet,2
Reeses,1
Ricotta,10
Rigatoni,31
Rigga,1
Di,17
Parmesan,12
Cocktail,5
Sicilian,32
Ball,19
Soppressata,3
Sprite,3
Strawberry,21
Stuffed,41
Sunday,2
Tiramisu,4
Veal,58
Milanese,15
Zuppa,12
Original,3
Grandma,18
Pie,129
Alfredo,18
Amici,3
Calzone,19
BBQ,41
chicken,3
bacon,1
slice,9
Wings,20
Entree,45
Campagnola,1
Can,2
cheese,1
Cheeseburger,14
Deluxe,23
Cacciatore,6
Francese,25
Espresso,9
Flounder,2
Jumbo,10
Knots,8
Gluten,6
Free,9
Manicotti,4
GlutenFree,2
Hamburger,7
Italiano,6
Lentil,2
Liter,12
Manhattan,9
Meat,38
Mediterranean,9
Mesclun,3
Minestrone,3
Sticks,12
Tomato,35
Basil,13
Cheesesteak,18
Insalata,9
Croquettes,3
Scungilli,12
Scampi,7
SicilianStyle,1
Side,28
Spears,1
Vegetables,44
Artichoke,12
Stromboli,6
Shells,7
Pesce,4
Freddo,1
For,5
Two,10
Asparagus,8
Assorted,4
Sorbets,1
Bistecca,1
Griglia,2
Classico,1
Caffe,3
Arrabbiata,3
Fritti,1
Royale,1
Manzo,2
Cavatelli,8
Bolognese,11
Lava,2
Costata,1
Maiale,1
Costoletta,1
Pollo,17
o,3
Vitello,2
Rollatine,2
Machiado,1
Affumicate,1
Fettuccine,7
Panna,4
Filetto,11
Dentice,1
Salmone,5
Sogliola,1
Teas,1
Napoletana,2
della,1
Casa,2
Tre,2
Colori,1
Mista,2
Rogula,1
Rugula,1
Irish,4
Cheescake,1
Vongole,6
Gamberi,6
Lombatina,1
Medaglioni,1
Occasional,1
Barese,4
Cotta,1
e,5
Lenticchie,2
Pomodoro,12
Ortolano,1
Alla,12
Cardinale,1
Giardino,1
Toscano,1
Vesuvio,1
Stracciatella,3
Romana,6
String,29
Beans,26
Tomo,1
Brodo,3
Gelato,2
ai,1
Funghi,3
Cozza,1
Cobbler,2
Banana,27
Ralphie,4
Cherry,9
Crunch,8
Latte,30
N,7
Supreme,5
Bean,46
Fun,36
Bucket,4
Fudge,5
Small,12
Serve,2
Cup,9
Marshmallow,2
Medium,1
Milk,8
Shakes,1
Mint,3
Madness,4
Nutty,1
Buddy,1
oz,81
Sprinkles,1
Palm,1
Tree,1
Party,8
Blast,4
Pint,2
Quart,2
Ralphaccino,2
Mocha,9
Hard,3
Sleeve,1
Cups,1
Smoothie,46
Shortcake,2
Sugar,7
Topping,3
Triple,9
Twister,1
Chai,5
AAC,1
Alaskan,4
Macadamia,1
Aromatic,1
Fajita,10
Boston,2
California,8
And,6
One,6
Chilean,3
XO,1
Chirashi,2
Crispy,26
Fushimi,2
Hamachi,1
Scottish,2
Kitchen,2
Kumamoto,2
Mayo,4
ml,2
Voss,2
Sparkling,4
Water,18
Still,1
O,5
Toro,2
Crusted,4
Breast,7
Petit,1
RibEye,3
Goat,3
Organic,6
Sake,1
Tapas,2
Tartare,2
Truffle,5
Canapes,1
Urchin,4
Bisque,4
Sour,23
Shiro,1
Maguro,1
Rib,11
Stir,3
Summer,6
Super,17
Vegetarian,11
Suzuki,1
TriColor,1
Don,3
Unagi,1
Ways,1
Scallion,5
Adam,1
Crepe,17
Almond,11
Americano,2
Cinnamon,6
Mountain,1
Cafe,2
Cajun,10
Ciabatta,10
Cranberry,5
Double,17
Flavoured,2
Forest,3
Fruit,16
Fruits,1
Baguette,6
Squeezed,1
Orange,22
Swiss,12
Yogurt,3
Gourmet,4
Green,28
Multigrain,3
Omelette,25
Kamy,1
Keko,8
Hummus,6
Plate,26
Quiches,1
over,9
Lemon,9
Meringue,1
Macchiato,4
Marmalade,1
Mixed,40
De,3
Mushroom,21
Norwegian,3
Pizzetta,11
Pecan,5
Ratatouille,1
Scalion,1
Single,2
Brie,1
Day,2
Three,7
Cheeses,1
Torta,17
Della,2
Nona,1
Tunisian,6
Breakfast,77
Couscous,2
Merguez,1
Over,6
Easy,1
Quick,23
Boneless,17
Parm,27
Piccata,4
Pizzaiola,7
Sorrentino,2
SunDried,2
Garbage,1
Paillard,2
Marainara,1
Franchese,3
Picatta,1
Tomatoes,13
Nuccis,2
Giambotta,2
Medallions,2
Puttanesca,6
Romaine,3
Tossed,9
Provolone,17
du,1
Jour,1
Straciatella,1
Arianas,2
Signature,7
Pizzette,1
Fordilatte,1
Mesculin,1
Carozza,2
Quattro,6
Stagioni,2
Tutti,2
Taste,1
Cookies,6
Spare,19
or,102
Baby,24
Cashew,9
Nuts,10
BarBQ,3
Sliced,12
End,2
Barbecued,4
Curd,12
Szechuan,15
Chow,38
Mein,45
Suey,9
Lo,19
Mai,12
Sprouts,5
Flavor,6
Oyster,11
Scallions,6
Chinese,11
Buddhas,1
Delight,19
Butterfly,2
Cantonse,1
Foo,17
Young,20
Straw,1
Walnuts,4
Noodles,13
Scallops,9
Diced,5
Dim,2
Sum,3
Cooked,5
Dry,2
Drop,7
Eight,1
Variety,1
Dish,11
Fantail,1
Fortune,1
Four,4
Seasons,1
Steamed,17
Dumplings,9
Wonton,19
Geneeral,1
Tsos,11
General,10
Jade,5
Ho,1
Yu,1
Gai,3
Po,5
Chili,14
Hunan,10
Delicacy,1
Hung,1
Sue,1
Kung,11
Cantonese,1
Moo,10
Goo,2
Pan,45
Shu,9
Pancake,4
Onion,15
Onions,15
Safty,1
Pu,3
Vegs,1
Salty,1
Shredded,20
Singapore,3
Sizzling,2
Peking,5
Yatka,2
Me,1
Us,2
Ancient,2
Asian,11
Cobb,6
Spiced,8
Balsamic,6
A,6
B,3
C,3
Blackjack,2
Caribbean,4
Chinatown,2
Fair,2
Stick,5
Harajuku,2
Glazed,6
OMG,2
Dumpling,9
Safari,2
Casserole,1
Stripe,1
Tex,4
Mex,4
TexMex,3
Maki,2
Wild,6
Additional,3
Hour,1
Of,16
Open,7
Bar,10
Hours,4
Ajillo,4
Albarino,1
Segre,1
Especial,1
Appetizers,2
Daiquiri,3
Basket,3
Beaujolais,1
Villages,1
Louis,3
Jadot,3
Bin,1
Wyndham,1
Estate,1
Bottled,8
Beer,3
Imported,4
Domestic,2
Brandy,1
Alexander,1
Broiled,6
Lamb,8
Chops,6
Burrito,11
Cabernet,1
Sauvignon,1
Woodbridge,2
Robert,2
Mondavi,2
Carvo,1
Duca,2
Salaparuta,2
Champagne,1
Sangria,3
Chardonnay,2
Coastal,1
Bv,1
Carmen,6
Creole,2
Nuggets,4
Riojana,4
Villaroy,1
Menu,5
Rellenos,2
Chorizos,2
Spanish,5
Casino,1
On,2
Communion,1
Corvo,1
Creamsicle,1
Daily,3
Diablo,2
Dom,1
Perignon,1
Dover,1
Drinks,2
Entremes,1
Escargot,1
Fettuccini,2
Carmon,1
Freixenet,1
Cordon,1
Negro,1
Plantains,2
Fusilli,6
Garlician,1
Grasshopper,1
In,11
Guacamole,4
Legs,2
Le,1
Domaine,1
Brut,1
Parrillada,1
Lobsters,2
Margues,1
Riscal,2
Marques,1
Mateus,2
Rose,2
Merlot,2
Santa,5
Marina,2
Minute,6
Moet,1
Chandon,1
Star,1
Nachos,9
Lb,2
Tail,2
Taco,25
Enchilada,3
Relleno,2
Option,1
Orgasm,1
Paella,8
Valenciana,2
Paternina,3
Banda,2
Azul,1
Crianza,2
Dorada,1
Vina,3
Vial,1
Riserva,1
Pina,3
Colada,3
Squirrel,1
Pinot,2
Grigio,2
PouillyFuisse,1
Pound,1
Pulpo,3
Or,8
La,2
Chef,5
Plancha,2
Sirloin,1
Manchego,1
Tails,2
Taittinger,1
Enchiladas,2
Tacos,5
Toasted,4
Torres,3
Caronas,1
Gran,1
Coronal,1
Reserva,1
Sol,1
Burritos,2
Chile,2
Unlimited,1
Estremeda,1
Estremena,1
Wine,3
Salceda,1
Rioja,1
Zinfandel,2
Glen,1
Ellen,1
Whole,9
sauce,11
salad,2
spinach,1
Bites,6
Blackened,5
hero,6
Canned,2
steak,1
panini,9
Chicago,2
Ranch,11
LTM,2
Mozz,3
Panini,97
Scaloppini,2
Sorrento,1
Tenders,7
Chipotle,11
pie,4
Craisin,1
Domenicos,2
mozz,2
roll,4
rollatini,1
vodka,1
Francos,1
Everything,4
bread,1
Gatorade,2
Gorgonzola,3
Grandpa,4
LB,6
parm,1
Mini,15
en,4
Carrozza,2
Neapolitan,1
Drink,4
Poppers,3
fresh,4
mozzarella,2
Proscuitto,4
roasted,1
peppers,1
glaze,1
tomato,1
Sample,1
Combination,23
Stewarts,1
Knot,3
garlic,1
knot,1
snapple,4
diet,3
lemon,2
peach,2
Specialty,2
Angel,3
Hair,3
Burger,55
Calzones,1
No,2
Carciofini,1
Finger,7
Florentino,1
Medallion,1
Hearts,1
Milano,1
coke,4
zero,2
dr,1
pepper,1
FamilySize,1
Fratelli,4
Sampler,5
Fresca,5
fruit,1
punch,1
ginger,1
ale,1
half,5
Heroes,1
Carroza,1
Lettuce,9
Pies,5
Each,1
Marinated,3
Lovers,10
Rings,3
orange,1
soda,1
Pieces,13
raspberry,1
Filletto,1
Martriciana,1
root,1
beer,1
Sauted,2
seltzer,1
Only,2
Thin,3
Crust,1
Grated,3
Snapple,10
iced,1
tea,3
sprite,2
Toscana,1
Saltimbocca,6
Spedini,1
water,2
Amboy,1
Edamae,1
AvocadoAparagus,1
la,3
mode,1
Bubble,1
souffle,1
curry,1
soup,1
Drunken,2
epper,1
Peppercorn,2
dressing,1
crepe,1
cake,2
Mochi,1
ice,3
cream,3
Donut,6
Capraccio,1
Poke,1
Devil,1
Soy,1
Paper,2
rolls,1
Unsweetened,4
Chrysanthemum,1
Yumyum,1
Agave,1
Lemonade,7
Artisan,1
Asiago,2
Focaccia,5
Sprouted,3
Grain,8
Flat,4
Mac,12
Bravo,1
Brioche,7
Scrambled,11
Baja,9
Flatbread,18
Bear,1
Claw,1
Bistro,1
Blood,1
Blueberry,9
Blueberries,1
Scone,2
Candy,2
Chips,4
Muffie,1
Chipper,1
Swirl,1
Sourdough,3
Loaf,8
Miche,2
Cocoa,3
Cregraveme,1
Macaroon,1
Country,5
Rustic,1
Creamy,2
Dark,7
Frontega,3
whole,3
Brew,4
Fuji,1
Goddess,3
Passion,4
Hazelnut,5
Heritage,1
Horizon,2
Reduced,5
Fat,5
Sink,1
Light,2
Madagascar,2
Modern,1
Napa,1
Oatmeal,4
Raisin,1
Berries,1
Papaya,2
Pastry,2
Ring,1
Peach,4
Braid,1
Spread,4
Poppyseed,2
Prickly,1
Hibiscus,1
Thumbprint,1
Chive,1
Caramelized,4
Kale,4
Smokehouse,1
Souffle,3
Southwest,5
Tortilla,2
Lime,1
Steel,1
Cut,4
Strawberries,1
Pecans,2
Chowder,4
Superfruit,1
Ten,1
Donuts,3
Cider,2
Munckins,1
Hole,3
Treats,3
Fritter,1
Rollup,2
Beyond,3
Joe,6
Joereg,1
Deals,1
Energy,1
English,2
Minis,2
Matcha,4
Scout,1
Rollups,1
Hash,3
Browns,1
Hashbrowns,1
Oatmilk,1
K,1
Cupreg,1
Pods,3
Maple,3
Snackin,2
Muffins,1
Munchkinsreg,1
Packaged,1
Peace,1
Dunkin,3
Refresher,2
Power,2
KCup,1
Munchkin,1
Scramble,1
Spice,2
Dragonfruit,2
WakeUp,8
Wrapreg,8
Sausagereg,1
Angry,2
Sakyo,1
Buddha,3
Lounge,2
CharGrilled,1
Natural,3
Tenderloin,1
Mengs,1
Skewers,1
Tonkatsu,1
Crazy,3
Mama,3
Cupid,1
Flying,1
Roe,2
Hawaiian,3
Herb,3
Colorado,1
Rack,3
Hinata,1
Foie,1
Gras,2
Saikyo,1
Seabass,2
Nabekayi,1
Mamak,1
Lomein,1
Ocean,2
Oven,4
Butternut,1
Squash,1
Seared,2
Leg,1
Confit,1
Sliders,4
Perfect,1
Match,2
Big,8
Eye,6
Simple,1
Slow,1
Back,5
Tricolor,1
Fancy,1
USDA,2
Prime,2
Warm,3
Way,1
Winter,2
Wok,2
Angus,2
Split,2
Battered,1
Portobello,10
Strips,2
Belgian,3
Waffles,1
Best,2
Both,1
Birthday,2
Milkshake,4
Bleu,3
Anytime,1
Dough,2
Chee,1
Friends,1
Family,7
Cheeburger,1
Zesty,1
Seasoning,1
wings,2
Siracha,1
Puffs,1
Cola,3
Float,2
Dipping,8
Sauces,1
Dr,3
Fiesta,3
Brewed,4
Artichokes,3
Wedges,1
Mode,1
Pickles,1
Fruity,1
Pebbles,1
Cheedog,1
Portobella,2
HandCut,2
Heath,1
Invent,2
Your,3
Malt,2
Hotcakes,3
Meal,54
Biscuit,10
Slushie,3
Maid,5
Frapp,2
McGriddle,4
Tote,1
Creamer,1
Packet,11
Buttermilk,3
Dasani,2
Quarter,6
Pounder,6
McMuffin,8
Equal,1
Fanta,1
Punch,3
Grape,1
Jam,1
Happy,3
Honest,1
McChicken,4
Mustard,5
Picante,2
Salsa,3
Ketchup,1
Lite,1
LowFat,1
Vinaigrette,3
MM,1
McFlurry,2
Mayonnaise,1
Mild,1
MIX,1
by,1
Tropic,1
Berry,14
Pack,1
McNugget,1
McNuggets,2
Premium,3
Salt,2
McGriddles,2
Splenda,1
Preserve,1
latte,1
Sugarfree,1
Syrup,1
Tangy,2
Ambrosinis,1
Ambrosinos,4
Anchovies,3
Antipasta,1
Olives,3
Wheel,2
Cavetelli,1
Bianco,4
Capriciossa,1
Fresco,5
Dressing,3
Extra,4
Al,4
Monti,1
Genoa,2
Wing,2
Bottle,6
Mr,1
Positano,1
Capresse,1
Arrabiatta,1
Romano,1
Deal,1
Riceball,2
Stacy,1
Roman,2
San,6
Pellegrino,4
Sausages,2
Strachetelli,1
Tall,1
Neck,2
Colore,1
Cook,1
U,1
Wacky,1
Wednesday,2
Drumsticks,2
Oz,1
Davids,2
Atheletes,1
Baklava,1
Tray,162
Tender,1
Chickens,2
Coleslaw,2
Creamed,3
CRISPY,2
FLOUNDER,3
PLATTER,1
SANDWICH,2
Sides,2
WITH,1
HOME,1
MADE,1
SIDES,2
Parsley,2
Gyro,1
Hanks,5
Root,1
Rasberry,1
Joes,1
Off,1
Any,10
Plastic,1
PIECES,4
OF,5
CHICKEN,4
TENDERS,2
GAME,5
DAY,5
SPECIAL,5
WING,1
STYLE,3
WINGS,3
BUFFALO,2
Pilaf,3
sides,2
Stuffing,3
Thanksgiving,1
ANY,1
HOMEMADE,1
OR,1
SALAD,1
Capellini,1
Rolatini,1
Zuccini,1
Con,5
Aglio,1
E,3
Olio,2
Pescatone,1
Grlic,1
Putanesca,1
Siciliano,3
Pastor,2
Coca,2
Jarrito,1
Brisk,1
Cabo,1
con,11
Leche,1
Camaron,2
Coco,1
Carne,1
Asada,1
Carnitas,3
Abuelita,1
Chorizo,7
Churrasco,1
Plato,1
Consome,1
de,10
Cesar,2
Empanadas,2
Ensenada,1
Flan,2
Fountain,1
Crema,1
Molcajete,1
Helado,2
Frito,2
Mexican,4
Mexico,2
Mojito,4
Skirt,6
Pico,1
Gallo,1
Asado,1
Quesadilla,36
Queso,8
Fundido,3
Refried,1
Sopa,2
Tostones,1
Tres,1
Leches,1
Vegetarianas,1
Vegetariano,1
Virgin,1
ABC,1
An,1
Assortment,2
Sweets,1
To,1
Include,1
Petite,2
Cupcakes,3
Nova,2
Scotia,1
Lox,4
Bananas,1
Foster,1
Alaska,1
Bed,1
Serving,1
Compote,1
Dipped,2
Torte,1
Create,1
Brownies,1
Sun,1
Dried,1
Macaroons,1
Capocollo,1
lb,30
Loaded,3
Orzo,1
Wheat,2
Luscious,1
Bars,1
By,1
Andrew,1
Mortadella,4
Oversized,1
Toppings,3
Cones,1
Postman,1
Presciutto,1
Fontina,2
Protein,4
Greens,2
Capicola,5
Layer,1
Truffles,2
Warp,1
Jack,6
Urn,1
Peetes,1
Crme,1
Brulee,1
Waiters,1
Passing,1
Charlotte,1
Western,8
Bari,1
Brothers,2
Brushetta,1
Caldo,1
Capri,4
Tommaso,3
Florentine,5
Mela,1
Neopolitan,1
Zeppoles,1
Rosa,2
Pinwheels,1
Poland,3
Vegan,4
Nonna,1
Arancina,1
Palermo,4
Panelle,4
Farfelle,1
Livornese,1
Danielle,2
Sofia,1
Loren,1
Arizona,2
Champion,1
Mexicana,1
European,3
Godfather,3
Hollywood,1
Lean,2
Mean,1
Low,2
Carb,1
Mardi,1
MMG,1
Mona,2
Lisa,2
Muscle,3
Maker,1
Rocky,2
Balbao,1
Fe,2
Savory,2
Stirfry,1
Tucson,1
XXL,1
YeeHa,1
Ahi,1
Arena,2
Braised,1
Chillean,1
Crabmeat,1
MVP,1
Kobe,1
Iron,2
Strip,10
Porterhouse,1
BoneIn,1
Pappardelle,2
Cornish,1
Hen,1
Slider,1
Thick,1
calzone,2
special,2
free,5
pizza,2
Meatlover,1
ala,1
spring,1
Sfingione,1
Upside,2
Down,1
down,1
square,1
Welchs,1
People,2
Birds,1
Nest,1
Buddhist,3
Catering,42
Grand,4
Marnier,2
Mei,9
Rangoon,1
Mariner,1
Hawaii,1
Kew,4
Imperial,1
Pao,3
Peanuts,1
Wrapped,3
pineapples,1
Yat,2
Gaw,2
Pea,1
Pickled,1
Cabbage,1
Subgum,3
Shirmp,1
Tai,3
Chien,1
Dumplins,1
Win,1
Foon,1
Wor,5
Yang,1
AntiInflammatory,1
Award,1
Winning,1
Plantain,2
Brussels,1
Chia,5
Seeds,2
Smoothies,6
Pulled,7
Beetroot,1
Cauliflower,4
Celery,1
Whoopi,2
Square,19
Infinity,1
Kombucha,1
Brookie,2
Linzer,3
individual,1
Earth,2
Loving,1
Middle,1
Eastern,1
Migraine,1
Relief,1
Miracle,1
Pain,1
Killer,1
Quinoa,1
Raw,3
Rejuvenator,1
Revolution,1
Thyroid,1
Remedy,1
Alabacore,1
Athens,1
Bennys,2
Brazilian,1
Citrus,1
Cuban,4
Delightful,1
Fajitas,1
Florence,2
Grapefruit,1
Hand,3
Carved,1
Hungry,1
Man,1
Submarine,1
Jamaican,4
Kyle,1
Lumber,1
MOM,2
Mesculine,1
Morning,3
Fashioned,2
Tbone,1
Porky,1
Rare,1
Reuben,2
Rosemary,1
Russian,1
Silver,2
Dollar,2
Southwestern,2
Staten,1
Advance,1
Texas,2
Whites,6
Tuscan,2
StirFry,1
Age,1
Albacore,1
Amazing,2
Avatar,2
Beauty,1
Beast,1
Bomb,1
Blossom,1
Wraps,1
Clear,1
Veg,9
Prok,1
Seasame,1
Sha,2
Cha,2
Shanghai,1
w,5
Thousand,8
Flower,5
Flowers,3
Tirple,1
Wont,1
Alexs,1
Rosie,1
Crumbs,1
Hors,1
Doeuvres,1
Cathys,1
Pears,1
Idaho,1
Bone,1
Ever,2
Es,1
Paulies,1
Bowtie,3
Buffet,3
Semolina,1
Football,1
Oldies,2
But,2
Goodies,2
Towne,14
Mess,2
Charlies,2
Champini,1
Quesadillas,6
Tomasso,1
Cob,1
Curly,3
Delicious,1
Alpine,4
Lace,4
Fouchs,1
Fillet,5
Flank,1
Foot,1
Toasts,3
Foods,1
Gigis,6
Rolled,1
PigsInA,1
Blanket,1
James,1
Jammin,1
Jess,1
Backyardigans,1
Dora,2
Little,3
Bill,1
Dog,3
Oswald,1
Wubzy,1
Doms,1
Liverwurst,1
ltaliano,1
Lucky,1
Lucci,1
Brenda,1
Sandwiches,1
Wheels,1
Molten,1
Olive,4
Tortillas,1
Deli,2
Ribeye,3
Blanco,2
Poppy,1
Johns,3
Osco,1
Boco,1
Purse,1
Pocket,4
Alex,2
Ronnies,1
Rod,1
Patties,1
Southern,1
Town,1
Towninis,1
Tater,1
Tots,1
Nanster,1
Rancho,1
Vito,1
Take,2
Titsi,1
Ginas,1
Uncle,5
Louie,1
Victors,1
Victory,1
Vitamin,1
Waldorf,2
Weve,1
Got,1
It,1
Willie,1
Willies,2
Wonder,1
Platters,1
Zealand,3
Friday,2
Capiccola,1
Mutz,1
Thursday,1
Tuesday,2
Fry,2
Skins,2
Creme,1
Devilled,2
Farmers,1
Roti,4
Fritters,2
Brisket,2
Burrata,2
Lollipop,1
Pretzel,2
Fireballs,1
GTL,1
Hangover,1
Cure,1
HouseMade,1
Housemade,1
Pot,2
Joeys,1
Grease,1
Lollipops,1
Luger,1
MemphisStyle,1
School,1
Runny,1
Shipwrecked,1
Shepherds,1
All,3
Kahuna,1
Cali,2
Jerk,4
Boost,3
Guava,1
Slaw,2
Awesome,1
Chimp,1
Jetty,2
Junior,1
Lil,1
Limeberry,1
Acai,2
Avocolada,1
Bahama,1
Bum,1
Blimey,1
Limey,1
Bliss,1
Max,1
Detox,1
Health,2
Nut,2
Kiwi,1
Quencher,1
Machine,2
Magic,1
Blaster,1
Point,1
Peaches,1
Silk,1
Pomegranate,1
Plunge,1
Rockin,1
Limeade,1
Sunrise,1
Sunset,1
Sunshine,3
Oat,1
PB,1
Up,3
SuperGreen,2
Smoky,2
Pressed,2
Totally,2
Tropical,3
Dijon,2
Ultimate,4
Watermelon,1
Oregonato,3
Bella,2
Napoli,1
Monte,4
Pizzalolo,1
Solo,1
Mio,1
Pc,2
Fetuccini,2
Fishermans,2
Villa,3
Insalate,2
Items,2
Mondi,1
Matregiana,1
Portofino,2
sausage,1
Shrimps,2
Evergreen,1
Goods,1
Blend,2
Parfait,2
Champions,1
BYO,3
Cappy,1
Factory,1
Zinger,1
CocaCola,1
Cracked,3
Pepsi,2
Stopper,1
Ale,1
Boiled,1
Muenster,1
MunChee,1
Glory,1
Naked,1
Juices,1
Ovengold,1
Seltzer,1
Starbucks,2
Doubleshot,1
Tropicana,2
Zero,1
Bull,1
Salsalito,1
Frappuccino,1
Treat,1
Healthy,1
Immune,1
Booster,1
Probiotics,1
Virginia,1
CM,1
Sc,5
Har,1
not,1
Phoenix,1
VegDumpling,1
Seaame,1
PanFried,3
PuPu,1
platter,1
Bo,4
broccoli,1
black,1
bean,1
Brioccoli,1
Buy,2
Get,2
ALMOND,1
JOY,1
AMERICAN,1
CHEESE,3
BOLOGNA,1
bagelroll,3
cadbury,1
EVEROAST,1
CORNED,1
BEEF,2
pepsi,1
Essential,1
FRESH,2
MOZARELLA,1
ORANGE,1
JUICE,1
Smocked,1
Gouda,1
Melted,2
an,2
hash,1
brown,1
HERSHEYS,1
HONEY,1
TURKEY,1
Hungryman,1
KIT,1
KAT,1
butter,1
regular,1
ShakesSmoothies,1
Cristo,1
MUNSTER,1
OLIVE,1
LOAF,1
salami,1
SKITTLES,1
Smart,3
SNICKERS,1
SWISS,1
watermelon,1
juice,1
MixIns,1
At,1
Cabana,1
Decision,1
Good,2
Remix,1
Dream,1
Breathless,1
Land,1
Turtle,1
Temptation,1
Fantasy,1
Devotion,1
Doughnt,1
You,2
Want,1
Some,1
Mintster,1
Founders,1
Monkey,1
Mojo,1
Nights,1
Overload,1
Found,1
Perfection,1
Road,1
Trip,1
Sinless,1
Rendezvous,1
Serenade,1
Very,1
NZ,4
Cappelini,2
Fruitta,1
Prima,1
Vera,1
Giardina,1
Docks,9
Fileto,1
Pomadoro,1
Forza,1
Italia,1
Aioli,3
Wasabi,2
Swordfish,2
Certified,1
Allaglio,1
Roberto,1
Lump,1
Maytag,1
England,1
Elvis,1
Duran,1
Rockefeller,2
Foil,1
Nera,1
Quatro,1
Formaggio,2
Peppercheese,1
Royal,2
Tower,2
Tagliatelle,1
Pana,1
mozzerella,1
order,1
one,1
toppings,1
Aluminum,1
Ravoli,1
Aliottas,1
Grandmas,1
topping,2
Heros,1
L,2
Cipollini,1
Traditional,2
Slices,2
Cabos,1
empanadas,2
beef,1
Del,1
Mar,1
Veracruzana,1
Ranchero,1
sweet,1
plantain,1
Brooklyn,2
Arrostiti,1
Calogeros,1
Melanzana,1
Impanato,2
Cremaroni,1
Piselli,1
Giannis,2
Panino,19
alle,1
Calogero,1
Melanzane,1
Fettucini,1
Fussili,1
Orechiette,2
Mimo,1
all,1
Maria,3
Formaggi,2
Staggioni,1
Butera,2
Norma,2
Salvatore,1
Villaggio,2
Villagio,1
Chiaro,1
Posilipo,1
Siciliana,1
Salvatores,1
Villaggios,4
Pefey,1
Boy,2
Petey,1
Bbq,1
pinwheel,2
Breadcrumb,2
Farm,1
Calamarl,1
Capricciosa,1
Scarparlello,1
Antipasti,1
Fundi,1
Cornutti,1
alia,1
Sandra,1
Giuliana,1
Grandpas,1
TreColore,2
Homeade,1
Wedding,1
Jo,1
Jos,1
Round,1
layer,1
tart,1
cookie,1
large,1
Mafia,1
Meafball,1
personal,2
Melezana,1
Slicks,1
fashion,1
Peteys,1
Decker,1
Castellamare,1
Discraziata,1
kits,1
Stagione,1
Bolgnese,1
Salsiccia,1
Agilo,1
BRabe,2
Parmlgiana,1
Asagni,1
BALT,1
BB,2
Princess,1
Expresso,2
Topped,2
full,1
Bedtime,1
Gorgeous,1
Sprinkle,1
Cornflake,1
Im,1
Going,1
Adventure,1
Isabellas,1
Port,1
St,1
Lucie,1
Kekes,4
Hanger,1
Kraving,1
burger,1
Monday,1
Lewis,1
Dee,1
Mia,1
Sophia,1
Moms,1
Outer,1
Bridge,1
Perrier,1
Pioneer,1
Pioneers,2
Cousin,2
Pop,1
Pops,1
Popeye,2
Sfincione,1
Silvas,1
Smile,1
South,1
Border,1
Steward,1
Bedell,1
Fisher,1
Hecker,1
Jennifer,1
Joline,1
Satterlee,1
Station,1
Macburger,2
Twisted,1
Viktors,1
Yuuri,1
Name,1
IT,1
string,1
Show,1
Season,1
Lake,1
Tung,1
Ting,1
pan,1
Chi,1
Bowties,1
Fettucine,1
Firecracker,1
Fungi,1
Rootbeer,1
Pancetta,1
Reggiano,2
Reggianos,1
Azteca,1
Bandera,1
Bistec,2
Campestre,1
Cecina,2
Cincronizada,4
Chimichanga,1
Huevo,1
Cubana,1
Desmadre,1
Flautas,1
Gorditas,1
Chicharron,1
Hawaiana,1
Huaraches,1
Huevas,1
Mexicanas,1
Huevos,1
Rancheros,1
Inglesa,1
Jamon,1
Lengua,2
Mariscada,2
Milanesa,2
Res,1
Mojarra,1
Molcajetes,1
Nortena,1
Fresa,1
Mamey,1
Platano,1
Puerco,1
Salchicha,1
Diabla,1
Mariscos,1
Sope,4
Suadero,2
Tostadas,1
pcs,1
Lg,1
Sm,1
s,1
Won,1
ton,1
Mongolian,1
